<?xml version="1.0" encoding="UTF-8"?>
<module codename="org.imagejdev.branding">
    <module_version install_time="1294880603854" last="true" origin="installer" specification_version="1.0">
        <file crc="369257379" name="config/Modules/org-imagejdev-branding.xml"/>
        <file crc="3399823055" name="core/locale/core_foo.jar"/>
        <file crc="845150269" name="modules/locale/org-netbeans-core-windows_foo.jar"/>
        <file crc="1550824067" name="modules/locale/org-netbeans-core_foo.jar"/>
        <file crc="3523791694" name="modules/org-imagejdev-branding.jar"/>
        <file crc="1081090263" name="update_tracking/org-imagejdev-branding.xml"/>
    </module_version>
</module>
