<?xml version="1.0" encoding="UTF-8"?>
<module codename="org.imagejdev.PluginFinder">
    <module_version install_time="1294880604664" last="true" origin="installer" specification_version="1.0">
        <file crc="4145882023" name="config/Modules/org-imagejdev-PluginFinder.xml"/>
        <file crc="2061983896" name="modules/ext/ij2-common-2.0-SNAPSHOT.jar"/>
        <file crc="1627829320" name="modules/ext/log4j-1.2.14.jar"/>
        <file crc="3392933663" name="modules/ext/sezpoz-1.7.jar"/>
        <file crc="1220222314" name="modules/ext/slf4j-api-1.5.10.jar"/>
        <file crc="1915784965" name="modules/ext/slf4j-log4j12-1.5.10.jar"/>
        <file crc="3144944426" name="modules/org-imagejdev-PluginFinder.jar"/>
        <file crc="2251690107" name="update_tracking/org-imagejdev-PluginFinder.xml"/>
    </module_version>
</module>
